{
  "fundName": "Your Fund Name",
  "fundType": "Growth Equity",
  "lastUpdated": "2025-01-15",
  "portfolio": [
    {
      "id": 1,
      "name": "Company Name",
      "sector": "Industry / Vertical",
      "stage": "Series B",
      "website": "company.com",
      "healthScore": 6.5,
      "relativeScore": 0.7,
      "valueArticulation": 7.0,
      "status": "on-track",
      "invested": 2023,
      "topGaps": [
        {
          "dimension": "Buyer Trust",
          "score": 5.5,
          "issue": "Description of the gap"
        }
      ],
      "observation": "Brief summary of key findings.",
      "buyerTrust": 5.5,
      "differentiation": 6.8,
      "buyerEnablement": 6.2,
      "socialProof": 6.5
    }
  ]
}