{
  "fundName": "First Analysis",
  "fundType": "Growth Equity",
  "lastUpdated": "2025-12-18",
  "portfolio": [
    {
      "id": 1,
      "name": "SmartCommerce",
      "sector": "E-commerce / CPG Tech",
      "stage": "Series B",
      "website": "smartcommerce.com",
      "healthScore": 7.4,
      "relativeScore": 1.6,
      "valueArticulation": 8.0,
      "status": "outperformer",
      "invested": 2021,
      "topGaps": [
        {
          "dimension": "Buyer Trust",
          "score": 4.8,
          "issue": "No public pricing despite strong value story ($15B carted, 150M reach)"
        }
      ],
      "observation": "Strong value story ($15B carted, 150M reach). Clear 'Click2Cart' positioning. No public pricing hurts.",
      "buyerTrust": 4.8,
      "differentiation": 7.5,
      "buyerEnablement": 7.5,
      "socialProof": 7.2
    },
    {
      "id": 2,
      "name": "Gradient Cyber",
      "sector": "Cybersecurity",
      "stage": "Growth",
      "website": "gradientcyber.com",
      "healthScore": 7.2,
      "relativeScore": 1.4,
      "valueArticulation": 7.8,
      "status": "outperformer",
      "invested": 2025,
      "topGaps": [
        {
          "dimension": "Buyer Trust",
          "score": 4.5,
          "issue": "Hidden pricing despite clear mid-market positioning"
        }
      ],
      "observation": "Sharp mid-market focus, 10:1 analyst ratio (vs 75:1 industry), 99% false positive claim. Pricing hidden.",
      "buyerTrust": 4.5,
      "differentiation": 7.5,
      "buyerEnablement": 7.2,
      "socialProof": 6.5
    },
    {
      "id": 3,
      "name": "Insellerate",
      "sector": "FinTech / Mortgage",
      "stage": "Series B",
      "website": "insellerate.com",
      "healthScore": 6.8,
      "relativeScore": 1.0,
      "valueArticulation": 7.2,
      "status": "on-track",
      "invested": 2022,
      "topGaps": [
        {
          "dimension": "Buyer Trust",
          "score": 4.5,
          "issue": "No pricing page despite strong customer proof points"
        }
      ],
      "observation": "Strong customer stories (9M\u2192308M growth). 'Create Customers for Life' resonates. No pricing transparency.",
      "buyerTrust": 4.5,
      "differentiation": 6.8,
      "buyerEnablement": 7.5,
      "socialProof": 7.0
    },
    {
      "id": 4,
      "name": "Visage",
      "sector": "HR Tech / Recruiting",
      "stage": "Series A",
      "website": "visage.jobs",
      "healthScore": 5.6,
      "relativeScore": -0.2,
      "valueArticulation": 6.5,
      "status": "underperformer",
      "invested": 2021,
      "topGaps": [
        {
          "dimension": "Buyer Trust",
          "score": 4.2,
          "issue": "Pricing page empty ('Request Pricing')"
        },
        {
          "dimension": "Buyer Enablement",
          "score": 5.5,
          "issue": "Limited quantified proof points on website"
        },
        {
          "dimension": "Social Proof",
          "score": 5.5,
          "issue": "AI+crowdsourcing value proposition unclear"
        }
      ],
      "observation": "AI+crowdsourcing story unclear. Pricing page empty ('Request Pricing'). Limited quantified proof points.",
      "buyerTrust": 4.2,
      "differentiation": 5.8,
      "buyerEnablement": 5.5,
      "socialProof": 5.5
    },
    {
      "id": 5,
      "name": "EdgeIQ",
      "sector": "IoT / DevOps",
      "stage": "Series A",
      "website": "edgeiq.ai",
      "healthScore": 4.9,
      "relativeScore": -0.9,
      "valueArticulation": 5.0,
      "status": "underperformer",
      "invested": 2022,
      "topGaps": [
        {
          "dimension": "Value Articulation",
          "score": 5.0,
          "issue": "Abstract 'orchestration' positioning doesn't connect to customer outcomes"
        },
        {
          "dimension": "Buyer Trust",
          "score": 4.0,
          "issue": "No pricing information available"
        },
        {
          "dimension": "Social Proof",
          "score": 4.2,
          "issue": "One anonymous testimonial, no quantified ROI proof"
        }
      ],
      "observation": "Abstract 'orchestration' positioning. One anonymous testimonial. No pricing, no ROI proof, jargon-heavy.",
      "buyerTrust": 4.0,
      "differentiation": 5.5,
      "buyerEnablement": 4.8,
      "socialProof": 4.2
    }
  ]
}