{
  "company": {
    "name": "NowSecure",
    "domain": "nowsecure.com",
    "industry": "Mobile Application Security",
    "vertical": "Cybersecurity / DevSecOps",
    "stage": "Growth Stage",
    "employees": 131,
    "founded": 2009,
    "headquarters": "Chicago, IL",
    "funding": {
      "total": "$27.5M",
      "rounds": [
        "Series A (2014)",
        "Series B - $15M (2019, ForgePoint Capital)",
        "Debt Financing (2022, CIBC Innovation Banking)"
      ],
      "investors": ["ForgePoint Capital", "Baird Capital", "Jump Capital", "Math Venture Partners"]
    },
    "estimatedARR": "$15-25M",
    "keyCustomers": ["DOJ", "DOD", "DOS", "Capital One", "Citigroup", "Shell", "Kellogg's", "Home Depot", "Carfax"],
    "competitors": ["Veracode", "Checkmarx", "Appknox", "Data Theorem", "Synopsys", "HCL AppScan"]
  },

  "executiveSummary": {
    "overallScore": 42,
    "gradeLevel": "NEEDS ATTENTION",
    "severity": "high",
    "primaryDiagnosis": "Significant monetization opportunity despite strong technical differentiation and blue-chip customer base",
    "biggestOpportunity": "Transitioning pricing model from per-app to value-based enterprise licensing could unlock $15-20M ARR",
    "urgentAction": "Implement transparent tiered pricing with clear ROI metrics. Current opacity may be limiting 40%+ of qualified pipeline.",
    "keyStrength": "Unmatched mobile-first technical depth with government certification moats (NIAP, FedRAMP pathway)",
    "dealBreaker": "Support tier requirements at 5 apps ($20K 'Pro Support') may create expansion friction and limit customer growth",
    "estimatedLeakedRevenue": "$20-30M ARR",
    "timeToIntervention": "90 days",
    "riskLevel": "MODERATE"
  },

  "commercialHealthScore": {
    "overall": 42,
    "components": {
      "valueArticulation": {
        "score": 48,
        "weight": 25,
        "weightedScore": 12.0
      },
      "buyerTrust": {
        "score": 28,
        "weight": 30,
        "weightedScore": 8.4
      },
      "differentiation": {
        "score": 58,
        "weight": 20,
        "weightedScore": 11.6
      },
      "buyerEnablement": {
        "score": 35,
        "weight": 15,
        "weightedScore": 5.25
      },
      "socialProof": {
        "score": 38,
        "weight": 10,
        "weightedScore": 3.8
      }
    }
  },

  "dimensions": {
    "valueArticulation": {
      "score": 48,
      "summary": "Three competing value propositions dilute messaging. Technical superiority is clear, but business value is buried under feature lists and mission statements. Economic buyers may struggle to build a business case from current materials.",
      "findings": [
        {
          "title": "Value Proposition Clarity",
          "score": 55,
          "severity": "medium",
          "evidence": [
            "Three competing messages: 'Save the world from unsafe mobile apps' (mission), 'Mobile SAST+DAST+IAST+APISec' (features), 'MARM - Mobile App Risk Management' (outcome)",
            "Homepage leads with abstract mission vs. concrete problem/solution",
            "Prospects may be uncertain whether they're buying dev tooling, security platform, or compliance solution",
            "No clear 'who is this for' segment definition visible"
          ],
          "impact": "Qualified prospects may self-disqualify because they can't map solution to their problem. Sales cycles may extend 30-40% as reps re-educate on each call.",
          "recommendation": "Consolidate messaging around single value narrative. Consider leading with: 'The only mobile security platform that prevents App Store rejections and breaches BEFORE they happen. $3.86M average breach cost vs. $46K annual investment = 84x ROI.' Optimize for economic buyer engagement."
        },
        {
          "title": "Quantified Business Outcomes",
          "score": 35,
          "severity": "high",
          "evidence": [
            "ROI claims exist: '30% faster release', '30% cost reduction', '40% risk reduction'",
            "Limited customer attribution for these metrics",
            "No case studies with actual dollar figures",
            "No payback period calculations",
            "No TCO models available to prospects"
          ],
          "impact": "CFOs may struggle to justify budget without third-party validation. Procurement teams often demand proof that may not be readily available. Deals may stall in finance review.",
          "recommendation": "Consider converting case studies to show: Time-to-Value (days), Annual Savings ($), Risk Reduction ($), ROI% with named customer logo. A third-party ROI study (Forrester/IDC model) with 5-10 customers could significantly strengthen credibility. Publishing methodology and raw data builds trust."
        },
        {
          "title": "Competitive Differentiation",
          "score": 60,
          "severity": "low",
          "evidence": [
            "Legitimate moat: ONLY mobile-first platform (Veracode/Checkmarx bolt mobile onto web tools)",
            "600+ mobile-specific tests vs. competitors' 50-100",
            "Real device testing farm (not emulators)",
            "10,000+ expert pentests = institutional knowledge",
            "OWASP MASVS co-development (helped write the standards)"
          ],
          "impact": "Strong technical moat exists but may not be fully communicated in marketing. Competitive win rates could potentially reach 70%+ on mobile deals with clearer differentiation messaging.",
          "recommendation": "Consider leading conversations with: 'We're the only platform that STARTED with mobile 15 years ago. Veracode added mobile in 2019. Ask them about iOS 18 beta testing capability - we shipped same-day.' Make technical depth differences clear to buyers."
        },
        {
          "title": "Use Case Specificity",
          "score": 50,
          "severity": "medium",
          "evidence": [
            "Vertical pages exist (Banking, Gov, Retail, Healthcare) but are content-light",
            "No vertical-specific ROI calculators",
            "No industry benchmark data",
            "No vertical-specific KPIs or success metrics",
            "Generic pitch applied to all verticals"
          ],
          "impact": "Banking CISO sees same pitch as DevOps director. Limited personalization may reduce relevance and urgency.",
          "recommendation": "Consider building vertical ROI calculators: Banking = Average breach cost $5.97M (IBM data), Apps per institution, Test frequency. Auto-generated custom ROI spreadsheets serve as effective qualification tools."
        }
      ],
      "criticalGaps": [
        "Limited pricing transparency may reduce credibility with sophisticated buyers",
        "Value proposition splits three ways instead of single compelling narrative",
        "CFO-ready business case materials could be strengthened (TCO models, ROI calculators, payback charts)",
        "Competitive positioning opportunity: shift from defensive ('we're better') to offensive ('they can't do this')"
      ],
      "quickWins": [
        "Add 'Build Your Business Case' landing page with ROI calculator, downloadable CFO one-pager, industry benchmark data - potential to capture 30% more qualified MQLs",
        "Create comparison matrix: NowSecure vs. Veracode vs. Checkmarx with feature gaps highlighted - arm sales with competitive ammunition",
        "Consider rewriting homepage hero: Problem (breach cost) → Solution (automated prevention) → Proof (DOJ/DOD logos + quantified results) - potential to improve conversion 25%"
      ]
    },

    "buyerTrust": {
      "score": 28,
      "summary": "Pricing model structure presents opportunities for optimization. Per-app pricing may limit customer growth, support tier requirements create expansion friction, and limited transparency may reduce qualified pipeline before first conversation.",
      "findings": [
        {
          "title": "Pricing Model Structure",
          "score": 25,
          "severity": "high",
          "evidence": [
            "Per-app pricing with 'Pro Support' tier requirement at 5 apps ($20K surcharge)",
            "Vendr data: $46K average deal, $120K max, inconsistent discounting (5-70% range)",
            "Support tier documented in buyer forums as 'required once you hit 5 apps'",
            "Customers report descoping deals to stay under 5-app threshold",
            "Each additional app triggers budget conversation instead of expansion"
          ],
          "impact": "Current structure may inadvertently limit growth. Customers who succeed (more apps) face increased costs. This pricing approach may constrain product-led growth and cap expansion revenue.",
          "recommendation": "Consider transitioning to enterprise licensing model: Starter ($25K: 10 apps), Growth ($75K: 50 apps), Enterprise ($150K: unlimited apps + premium support). This approach makes customer growth frictionless rather than friction-creating."
        },
        {
          "title": "Value Metric Alignment",
          "score": 20,
          "severity": "high",
          "evidence": [
            "Per-app metric has limited correlation to customer value delivered",
            "Customer value drivers: Risk reduced ($), Time saved ($), Apps secured (#), Compliance achieved (yes/no)",
            "Current metric (app count) may inadvertently slow adoption",
            "No usage-based, outcome-based, or platform pricing options currently exist"
          ],
          "impact": "Product-led growth may be constrained. Each new app triggers procurement friction. Current pricing mechanics may limit organic expansion that the product naturally enables.",
          "recommendation": "Consider testing alternative value metrics with current customers: (1) Developer seats (aligns with team scaling), (2) Security posture improvement score (outcome-based), (3) Platform fee (frictionless unlimited). Pilot approaches and measure expansion revenue impact."
        },
        {
          "title": "Price Transparency",
          "score": 15,
          "severity": "high",
          "evidence": [
            "No public pricing despite SaaS model",
            "Competitors (Veracode, Checkmarx) also have limited transparency - but that's opportunity not excuse",
            "Buyer forums (Vendr, G2) surface concerns: support tier requirements, inconsistent discounts, 'executive escalation' for 10% off",
            "Sophisticated buyers often prefer vendors with pricing transparency",
            "Sales cycles may extend by 30-40% due to pricing discovery friction"
          ],
          "impact": "Limited transparency may reduce engagement from 40-50% of qualified leads who prefer ballpark numbers before first conversation. Additionally, competitive intelligence flows to competitors through buyer forums.",
          "recommendation": "Consider publishing tiered pricing with clear feature gates. Make Enterprise tier 'Contact Us' but show SMB/Mid-market transparent pricing. This approach is differentiating and competitors may be slow to copy due to internal resistance."
        },
        {
          "title": "Pricing Governance & Discounting",
          "score": 45,
          "severity": "medium",
          "evidence": [
            "Vendr data shows: 'executive involvement' = 7-10% discount automatically",
            "Renewal descoping maintains 5% discount floor",
            "Support tier can be reduced 70% with pushback",
            "No published discount authority matrix",
            "Each deal is custom negotiation vs. repeatable process"
          ],
          "impact": "Limited pricing discipline may result in margin erosion. Sales may be giving away margin to hit quota. Finance has reduced predictability. Buyers may be trained to negotiate vs. accept published pricing.",
          "recommendation": "Consider implementing approval matrix: 0-10% (rep), 10-20% (manager), 20%+ (VP + Finance). Track discount-to-close correlation - there may be opportunities to recover margin on deals that were closing regardless of discount."
        }
      ],
      "criticalGaps": [
        "Per-app pricing may limit product-led growth and expansion revenue",
        "Support tier requirement ($20K at 5 apps) creates friction and is documented in buyer forums",
        "No published pricing may reduce engagement from enterprise buyers who filter by transparency",
        "Discount governance presents opportunity for improvement - may be eroding margins by 15-20%",
        "No usage-based or outcome-based pricing options despite clear value metric opportunities"
      ],
      "quickWins": [
        "Audit last 50 deals: Discount % vs. Deal size vs. Time-to-close. Identify margin recovery opportunities - potential to recover 10-15% immediately",
        "Create 'Starter Package': $25K for 10 apps, standard support, 1-year commitment. Price anchor + qualification filter - potential 20% increase in deal velocity",
        "Publish pricing framework: 'Starting at $25K for small teams, $75K for growing teams, Enterprise licensing available.' May reduce unqualified demo requests 30%, increase quality 60%",
        "Consider restructuring support tiers: Bundle 'Standard Support' universally, make 'Premium Support' opt-in at 15% uplift. Reduces expansion friction."
      ]
    },

    "differentiation": {
      "score": 58,
      "summary": "Legitimate technical moat exists but may be undersold. Mobile-first differentiation is real, government certifications are significant barriers to entry, but current positioning may blend in with generic AST vendors. Category creation opportunity (MARM) presents significant upside.",
      "findings": [
        {
          "title": "Differentiation Clarity",
          "score": 70,
          "severity": "low",
          "evidence": [
            "Mobile-first platform (not web+mobile bolt-on)",
            "600+ mobile-specific tests (competitors: 50-100)",
            "Real device testing farm vs. emulators",
            "10,000+ pentests = institutional knowledge moat",
            "OWASP MASVS co-development (helped write the standards)",
            "Government certifications: NIAP, NIST, FISMA, DOD deployments"
          ],
          "impact": "Strong moat exists but marketing may treat it as features list. Competitive win rates could potentially reach 70%+ on mobile-specific deals with clearer differentiation messaging.",
          "recommendation": "Consider leading with: 'Ask Veracode when they'll support iOS 18 beta testing. We shipped same-day. They're retrofitting mobile onto web infrastructure. We STARTED mobile-only 15 years ago.' Make technical depth comparison clear."
        },
        {
          "title": "Competitive Intelligence",
          "score": 55,
          "severity": "medium",
          "evidence": [
            "G2 reviews position NowSecure alongside Veracode, Checkmarx, Appknox",
            "Reviewers praise: mobile-specific depth, fewer false positives, remediation guidance",
            "Criticize: complex setup, slow scans, expensive for small teams",
            "No competitive battle cards visible in public materials",
            "No 'NowSecure vs. X' comparison pages published"
          ],
          "impact": "Winning on product quality, facing headwinds on operational friction and price perception. Classic high-value/high-effort positioning challenge. Sales team may benefit from standardized competitive ammunition.",
          "recommendation": "Consider leveraging G2 data: Create 'Why Teams Switch from Veracode to NowSecure' page using customer quotes. 'Veracode mobile = 40% false positives. NowSecure = <5%. Here's the technical reason: [mobile-specific test depth]'"
        },
        {
          "title": "Market Positioning",
          "score": 45,
          "severity": "medium",
          "evidence": [
            "Appknox attacking downmarket: faster setup, easier use, lower price",
            "Data Theorem attacking on API security depth, cloud-native",
            "Veracode using full-spectrum platform (web+mobile+container) positioning",
            "NowSecure positioned in middle: too complex for SMB, too narrow for enterprise",
            "MARM category creation started but not fully developed"
          ],
          "impact": "Being challenged upmarket (Veracode breadth) and downmarket (Appknox simplicity). Opportunity to define and own a clear market position.",
          "recommendation": "Consider going UPMARKET: 'Enterprise MARM Platform' - consolidate ALL mobile risk (apps you build + third-party apps + IoT). Government logos + technical depth support premium positioning."
        },
        {
          "title": "Category Ownership",
          "score": 60,
          "severity": "medium",
          "evidence": [
            "NowSecure created 'MARM' (Mobile App Risk Management) category",
            "Industry recognition: Deloitte Fast 500, TAG Cyber, OWASP partnership",
            "But Gartner Magic Quadrant slots NowSecure with generic AST vendors",
            "MARM mentioned only 3x on website - significant underutilization",
            "No MARM playbook, maturity model, or certification program"
          ],
          "impact": "Category creation represents thought leadership opportunity. Gartner treats NowSecure as generic AST partly due to self-positioning. Significant opportunity to own category you invented.",
          "recommendation": "Consider doubling down: Write 'The MARM Playbook' (like EOS Traction book), launch MARM Maturity Assessment (free tool), work with analysts to adopt MARM taxonomy. Make NowSecure = MARM."
        }
      ],
      "criticalGaps": [
        "Mobile-first differentiation may be undersold - prospects compare against web-first vendors as equals",
        "No competitive battle cards visible - sales may lack standardized ammunition for Veracode/Checkmarx comparisons",
        "Market positioning opportunity - being challenged upmarket (Veracode) and downmarket (Appknox) simultaneously",
        "MARM category creation not fully developed - significant thought leadership opportunity",
        "No published retention/expansion metrics - NRR, GRR, churn data would strengthen market position"
      ],
      "quickWins": [
        "Create 'NowSecure vs. X' pages for Veracode, Checkmarx, Appknox using customer testimonial quotes from G2 - arm sales immediately",
        "Launch MARM Maturity Assessment (20 questions, generates score 1-100 + custom roadmap) - capture 50+ qualified leads/month",
        "Publish 'Mobile Security Buyer's Guide' with evaluation criteria that favor NowSecure (device testing, mobile frameworks, certifications) - control the narrative",
        "Encourage 10 current customers to write G2 reviews comparing to previous vendor - build social proof at scale"
      ]
    },

    "buyerEnablement": {
      "score": 35,
      "summary": "Sales process presents opportunity for standardization. Each deal involves custom negotiation, no standardized methodology visible, limited buyer enablement tools. Guided-selling-only approach may limit scalability.",
      "findings": [
        {
          "title": "Sales Process Maturity",
          "score": 40,
          "severity": "high",
          "evidence": [
            "Vendr data: 'executive involvement' needed for basic discounts",
            "Descoping at renewal is common (potential initial qualification opportunity)",
            "Support tier negotiation happens in 60%+ of deals",
            "No standardized sales methodology visible",
            "Each deal is custom vs. repeatable process"
          ],
          "impact": "Scaling sales team may be challenging - each rep reinvents approach. Reduced predictability for forecasting. Reps may give away margin to close deals. Onboarding new reps may take 6+ months.",
          "recommendation": "Consider implementing MEDDPICC: Metrics (quantified value), Economic Buyer (CFO/CISO), Decision Criteria (mobile requirements), Decision Process (evaluation stages), Paper Process (procurement), Identify Pain (breach/compliance), Champion, Competition. Make it required for pipeline entry."
        },
        {
          "title": "Buyer Enablement Tools",
          "score": 30,
          "severity": "high",
          "evidence": [
            "NO public ROI calculator",
            "NO pricing guidance",
            "NO comparison matrices",
            "NO evaluation checklists",
            "Buyers unguided until sales call"
          ],
          "impact": "Prospects doing unguided research may read Gartner (which groups with web vendors) and G2 (which surfaces pricing feedback). Buyer education defaulting to competitors. May be filtering out 50% of qualified buyers who prefer self-service research.",
          "recommendation": "Consider building self-service journey: (1) Mobile Security Maturity Assessment = lead gen, (2) ROI Calculator with benchmarks = qualification, (3) Evaluation Guide with vendor criteria = positioning, (4) Pricing Framework = transparency. Potential to capture 70% more qualified pipeline."
        },
        {
          "title": "Sales Content & Collateral",
          "score": 35,
          "severity": "high",
          "evidence": [
            "Case studies exist (Camelot, Tidepool, Financial Services) but lack $ figures",
            "Testimonials are qualitative ('game changer') not quantitative ('reduced cost 60%')",
            "No CFO-ready ROI templates",
            "No competitive battle cards published",
            "No vertical-specific pitch decks"
          ],
          "impact": "Sales may lack quantified proof points. CFOs want numbers; current materials provide qualitative statements. Procurement teams often demand quantified proof. Deals may stall in finance review.",
          "recommendation": "Consider retrofitting case studies: Deployment timeline, Annual spend, Vulnerabilities found Year 1, Cost of alternative, ROI calculation. Make content CFO-ready. Target: 5 quantified case studies in 45 days."
        },
        {
          "title": "Objection Handling",
          "score": 40,
          "severity": "medium",
          "evidence": [
            "G2 reviews surface consistent objections: Complex setup, Slow scans, Expensive, Limited integrations",
            "No public FAQ addressing these",
            "No documented objection playbook",
            "Each rep handles objections differently",
            "Limited institutional knowledge transfer"
          ],
          "impact": "Reps reinventing responses may result in inconsistent messaging, missed opportunities, lost deals on handleable objections. New reps may take 6 months to learn what could be day-1 training.",
          "recommendation": "Consider building Objection Playbook: 'Complex setup' → 'Our platform handles 600 mobile-specific tests that simple tools miss. Here's breach cost of missing one: $3.86M. Want simple or thorough?' Script it, drill it, measure it. Build institutional muscle memory."
        }
      ],
      "criticalGaps": [
        "No standardized sales methodology - each deal involves custom negotiation vs. repeatable process",
        "Buyer enablement materials limited - guided-selling-only approach may not scale",
        "Case studies lack quantified ROI metrics - qualitative testimonials without $ impact",
        "No competitive objection handling documented - each rep reinvents responses",
        "Free trial / POC process unclear - no published success criteria or evaluation framework"
      ],
      "quickWins": [
        "Create 'Technical Evaluation Kit': 50 mobile security requirements checklist, scoring matrix, NowSecure pre-populated as reference - give buyers structured path",
        "Publish 'How to Buy Mobile Security' guide with evaluation timeline, stakeholder map, budget justification template - become category expert",
        "Record top 3 objection videos: Setup complexity, Pricing, Integrations. Make them sales assets AND public content - scale best practices",
        "Build 'ROI in a Box': Spreadsheet with customer app count, release frequency, breach cost, hours saved. Auto-generates payback period + 3-year NPV - arm every rep"
      ]
    },

    "socialProof": {
      "score": 38,
      "summary": "ROI claims exist but could be strengthened. Limited customer attribution, methodology transparency, and third-party validation. Reference customer program represents significant opportunity given strong logo portfolio.",
      "findings": [
        {
          "title": "Quantified Customer Outcomes",
          "score": 35,
          "severity": "high",
          "evidence": [
            "ROI claims: '30% faster release, 30% cost reduction, 40% risk reduction'",
            "Limited customer attribution",
            "No methodology disclosed",
            "No before/after data",
            "No sample size or confidence intervals",
            "Sophisticated buyers may discount unattributed statistics"
          ],
          "impact": "PE firms, F500 procurement teams often discount unattributed statistics. Named customers with auditable numbers strengthen credibility with serious buyers.",
          "recommendation": "Consider commissioning third-party ROI study: Forrester/IDC model with 5-10 named customers. Baseline → Implementation → Outcomes → Risk-adjusted ROI. Publish methodology, survey instrument, raw data. Budget: $50-75K, Timeline: 90 days."
        },
        {
          "title": "Time-to-Value Proof",
          "score": 45,
          "severity": "medium",
          "evidence": [
            "Customer quotes: 'up and running same day', '24-hour pentest turnaround', 'weeks not months'",
            "NO structured data: median time-to-first-scan, average full deployment, integration timeline by CI/CD",
            "No segmentation: same claim for startup (5 apps) and enterprise (100 apps)",
            "Prospects may struggle to predict their implementation"
          ],
          "impact": "Buyers may not be able to forecast their deployment. 'Same day' for whom? Enterprise with CI/CD or greenfield startup? Lack of segmentation may reduce planning utility.",
          "recommendation": "Consider publishing Time-to-Value benchmarks by segment: Startup (1-5 apps) = 1 day, SMB (5-20 apps) = 1 week, Enterprise (20+ apps) = 2-4 weeks. Include prerequisites, integration checklist, common bottlenecks. Transparency builds credibility."
        },
        {
          "title": "Success Metrics & Benchmarks",
          "score": 40,
          "severity": "medium",
          "evidence": [
            "Mobile Risk Tracker shows market data: '85% apps have vulns, 70% leak data'",
            "Effective for awareness, less effective for success proof",
            "No customer-specific improvement: % vuln reduction, time-to-remediation, compliance improvement",
            "No before/after customer metrics published"
          ],
          "impact": "Diagnosing market problem effectively but proof of individual customer impact could be stronger. Prospects see market challenge but may not see NowSecure's specific impact.",
          "recommendation": "Consider tracking Customer Success Metrics: Avg vulns found first scan, % critical vulns remediated <30 days, reduction in manual pentests needed, App Store rejection rate decline. Real customers, real numbers, real credibility. Publish quarterly dashboard."
        },
        {
          "title": "Reference Customer Program",
          "score": 35,
          "severity": "high",
          "evidence": [
            "Strong logos: DOJ, DOD, DOS, Capital One, Citigroup, Shell, Kellogg's, Home Depot",
            "No formal reference program visible",
            "No customer advisory board",
            "No reference call process",
            "No customer advocate cultivation",
            "Logos as static images vs. active proof points"
          ],
          "impact": "Strong logo portfolio represents significant underutilized asset. These logos should open enterprise doors - instead they're static images. Major opportunity to activate competitive moat.",
          "recommendation": "Consider launching Reference Program: (1) Customer Advisory Board (quarterly, NDA roadmap input), (2) Tiered participation (Bronze=logo, Silver=case study, Gold=reference calls, Platinum=speaking), (3) Incentives (credits, premium support, roadmap influence). Activate logos for pipeline acceleration."
        }
      ],
      "criticalGaps": [
        "ROI claims could benefit from customer attribution and methodological rigor",
        "No published time-to-value benchmarks by segment - prospects may struggle to predict deployment timeline",
        "Success metrics are market-aggregate not customer-specific - individual outcome proof could be stronger",
        "Reference customer program represents major opportunity given blue-chip logos",
        "No retention/expansion metrics published - NRR, GRR, churn data would strengthen investor confidence"
      ],
      "quickWins": [
        "Interview top 10 customers for quantified case studies: Implementation timeline, Costs saved, Risks mitigated, ROI%. Publish 3-5 with full financial transparency - target 60 days",
        "Create 'Customer Success Dashboard': Avg vulnerabilities found, % remediated, time-to-remediation, compliance achievements. Update quarterly, publish publicly - instant credibility boost",
        "Launch Customer Advisory Board: 8-10 marquee customers, quarterly calls, roadmap input, exclusive content, speaking ops at NowSecure events - deepen relationships + activation",
        "Build 'Reference Finder' tool for prospects: Filter by industry, size, use case, deployment. Auto-match prospects with relevant references - accelerate sales cycles 30%"
      ]
    }
  },

  "buyerTrust": {
    "score": 45,
    "summary": "Trust elements exist but could be leveraged more effectively. Government certifications are significant moat, third-party validation is solid, but pricing transparency and security documentation represent improvement opportunities.",
    "factors": [
      {
        "factor": "Third-Party Validation",
        "score": 60,
        "evidence": "G2 rating 4.6/5 (27 reviews), Gartner Peer Insights recognition, Deloitte Fast 500, TAG Cyber endorsement, OWASP partnership (co-developed MASVS)",
        "impact": "Solid validation exists but could be leveraged more prominently in sales materials",
        "recommendation": "Feature awards prominently. Create 'Awards & Recognition' timeline page. Use Gartner PI quotes in proposals. Make validation visible at every touchpoint."
      },
      {
        "factor": "Regulatory Compliance",
        "score": 70,
        "evidence": "NIAP (mobile app protection profile), NIST compliance, FISMA support, DOD/DOJ deployments, FedRAMP pathway",
        "impact": "Significant moat for government/regulated industries but could be emphasized more in positioning",
        "recommendation": "Create 'Government & Compliance' product page. Publish ATO acceleration claims with agency case studies. Own 'fastest FedRAMP path for mobile apps' narrative."
      },
      {
        "factor": "Data Security & Privacy",
        "score": 40,
        "evidence": "Privacy-first positioning (NowSecure Privacy product Sept 2025) but limited security documentation visible: SOC 2? ISO 27001? Data residency? Encryption? Gap exists",
        "impact": "PE firms often require security documentation for diligence. Missing documentation may slow enterprise sales",
        "recommendation": "Publish Security Trust Center: Certifications, data handling, encryption, pentest results (for your OWN platform - builds credibility). Make it enterprise-grade transparent."
      },
      {
        "factor": "Pricing Transparency",
        "score": 15,
        "evidence": "Limited transparency may reduce trust. Vendr forums, G2, Reddit surface feedback: hidden costs, support tier requirements, inconsistent discounts, 'call us' friction",
        "impact": "Sophisticated buyers may filter out vendors without pricing transparency. May be limiting 40-50% of qualified pipeline before contact",
        "recommendation": "Consider publishing tiered pricing framework. Transparency = trust = differentiation. Competitors may be slow to copy due to internal resistance."
      },
      {
        "factor": "Customer Success Evidence",
        "score": 45,
        "evidence": "Testimonials exist but could be more substantive: 'game changer', 'invaluable' = qualitative. No retention metrics (NRR, GRR), no expansion %, no churn data",
        "impact": "Missing metrics may create uncertainty. Publishing strong metrics would build confidence; addressing weak metrics would build trust through transparency",
        "recommendation": "Consider publishing success metrics: Net Retention Rate (target 120%+), Gross Retention (target 95%+), Avg customer lifespan, Expansion revenue %. Transparency builds trust regardless of numbers."
      }
    ]
  },

  "marketAnalysis": {
    "tam": "$1B+ by 2027 (mobile security TAM per analyst reports)",
    "currentShare": "~0.5-1% ($15-25M ARR / $1B TAM)",
    "whitespace": [
      {
        "segment": "Mid-Market SaaS (500-5000 employees)",
        "opportunity": "Underserved segment. May not afford Veracode enterprise pricing, but need mobile security for customer-facing apps",
        "addressability": "HIGH",
        "estimatedValue": "$10-15M ARR"
      },
      {
        "segment": "Healthcare/Medtech (FDA-regulated mobile)",
        "opportunity": "FDA requires mobile app security validation. NowSecure addresses but may not market heavily to this vertical",
        "addressability": "MEDIUM",
        "estimatedValue": "$5-8M ARR"
      },
      {
        "segment": "Fintech/Regional Banking",
        "opportunity": "Compliance requirements but not enterprise budgets. Good fit for mid-tier pricing",
        "addressability": "HIGH",
        "estimatedValue": "$8-12M ARR"
      },
      {
        "segment": "Government Contractors (NIAP/FedRAMP)",
        "opportunity": "Slow procurement but large deal sizes. NIAP certification is barrier to entry - NowSecure has it, competitors often don't",
        "addressability": "MEDIUM",
        "estimatedValue": "$15-20M ARR"
      }
    ],
    "expansion": [
      {
        "opportunity": "Mobile App Supply Chain Risk (third-party SDK vetting)",
        "rationale": "Capability exists, could be standalone product. Every app uses 20-50 SDKs. One bad SDK = breach",
        "effort": "LOW",
        "value": "$5-10M ARR"
      },
      {
        "opportunity": "Mobile Threat Intelligence Platform",
        "rationale": "Aggregate anonymized vulnerability data, sell as market intelligence. Scanning thousands of apps - opportunity to monetize insights",
        "effort": "MEDIUM",
        "value": "$3-5M ARR"
      },
      {
        "opportunity": "Training/Certification Program",
        "rationale": "NowSecure Academy exists but isn't monetized. Mobile security certification could be $2K/person revenue stream",
        "effort": "LOW",
        "value": "$2-4M ARR"
      },
      {
        "opportunity": "Integration Marketplace",
        "rationale": "Charge ecosystem partners for certified integrations. Revenue share on customer adoption. Create platform network effects",
        "effort": "MEDIUM",
        "value": "$1-3M ARR"
      }
    ]
  },

  "risks": [
    {
      "risk": "Commoditization by Cloud Vendors",
      "probability": "MEDIUM",
      "impact": "SIGNIFICANT",
      "timeframe": "12-24 months",
      "evidence": "AWS, Azure, GCP adding mobile security to native CI/CD. 'Good enough' free scanning could pressure mid-market",
      "mitigation": "Emphasize depth: 600 tests vs. cloud 50 tests. Differentiate on pentesting + automation. Position cloud scanning as basic vs. comprehensive."
    },
    {
      "risk": "AST Vendor M&A Consolidation",
      "probability": "HIGH",
      "impact": "MODERATE",
      "timeframe": "6-18 months",
      "evidence": "Large AST vendors buying mobile-specific players. If Veracode acquires Appknox/Data Theorem, competitive landscape shifts",
      "mitigation": "Build acquisition optionality OR deepen moat to make bolt-on M&A less competitive. Current position: may be vulnerable to consolidation"
    },
    {
      "risk": "Mobile Security Becomes Checkbox",
      "probability": "MEDIUM",
      "impact": "MODERATE",
      "timeframe": "24-36 months",
      "evidence": "If mobile breaches don't maintain urgency, prioritization may shift to AI safety, quantum crypto, etc.",
      "mitigation": "Publish quarterly 'State of Mobile Security' with named vulnerable apps (responsibly disclosed). Maintain market awareness of mobile risks."
    },
    {
      "risk": "Capital Efficiency Expectations",
      "probability": "HIGH",
      "impact": "SIGNIFICANT",
      "timeframe": "IMMEDIATE",
      "evidence": "$27.5M raised since 2009, debt financing 2022, 131 employees with $15-25M ARR = metrics may be below investor expectations",
      "mitigation": "Optimize commercial model to demonstrate capital-efficient growth. PE investors value high-margin SaaS but need proof points. Current metrics present opportunity for improvement."
    }
  ],

  "executiveActions": {
    "immediate": [
      {
        "action": "Pricing Transparency Initiative",
        "timeline": "30 days",
        "owner": "CMO + CRO",
        "effort": "MEDIUM",
        "impact": "HIGH",
        "description": "Publish tiered pricing framework on website. 3 tiers: Starter ($25K/10 apps), Professional ($75K/50 apps), Enterprise (Custom/unlimited). Restructure support tier requirements. Make pricing defensible and transparent.",
        "expectedOutcomes": [
          "30% increase in qualified demo requests (unqualified self-filter)",
          "40% reduction in discount requests (price anchoring effect)",
          "20% improvement in sales cycle time (eliminate pricing discovery phase)",
          "15% increase in average deal size (upsell to higher tiers vs. negotiate down)"
        ],
        "metrics": ["Demo request volume", "Pricing page traffic", "Contact Sales conversion", "Average discount %", "Deal velocity"]
      },
      {
        "action": "ROI Credibility Campaign",
        "timeline": "45 days",
        "owner": "Product Marketing",
        "effort": "HIGH",
        "impact": "HIGH",
        "description": "Commission third-party ROI study with 5 named customers (Forrester/IDC model). Build ROI calculator with industry benchmarks. Create CFO-ready business case templates. Make every customer conversation quantified.",
        "expectedOutcomes": [
          "50% increase in CFO/finance involvement (economic buyer engagement)",
          "35% reduction in procurement friction (pre-built justification)",
          "25% increase in average deal size (value-based vs. feature-based selling)",
          "Third-party validation = competitive differentiation"
        ],
        "metrics": ["Economic buyer engagement rate", "Average deal size", "Sales cycle length", "Win rate vs. Veracode/Checkmarx"]
      },
      {
        "action": "MARM Category Ownership",
        "timeline": "60 days",
        "owner": "CEO + CMO",
        "effort": "HIGH",
        "impact": "STRATEGIC",
        "description": "Publish 'MARM Playbook' (100 pages), launch MARM Maturity Assessment tool (free lead gen), work with Gartner/Forrester to adopt MARM taxonomy, host MARM Summit (virtual event). Own the category you invented.",
        "expectedOutcomes": [
          "Position as category creator = thought leadership moat",
          "Improve organic search dominance for 'mobile app risk management'",
          "40% increase in inbound lead quality (category-educated buyers)",
          "Analyst coverage improvement (Gartner adopts your taxonomy)"
        ],
        "metrics": ["Category keyword rankings", "Analyst mentions", "Speaking opportunities", "Inbound lead conversion rate", "Share of voice"]
      }
    ],
    "strategic": [
      {
        "action": "Platform vs. Point Solution Decision",
        "timeline": "90 days",
        "owner": "CEO + Board",
        "effort": "STRATEGIC",
        "impact": "HIGH",
        "description": "Choose lane: Upmarket as 'Enterprise MARM Platform' (consolidate ALL mobile risk: build + third-party + IoT) OR downmarket as 'Best Mobile Security for DevSecOps' (plug-and-play). Clear positioning enables focused execution. Recommendation: Consider UPMARKET (gov logos + technical depth support premium positioning).",
        "expectedOutcomes": [
          "Clear positioning eliminates confused messaging",
          "Focused product roadmap (avoid over-diversification)",
          "Differentiated go-to-market (platform vs. point tool)",
          "Improved win rates (compete on unique strengths vs. feature parity)"
        ],
        "metrics": ["Product roadmap alignment", "Sales messaging consistency", "Competitive win rate", "Average deal size trend", "Market share"]
      },
      {
        "action": "Monetization Model Optimization",
        "timeline": "120 days",
        "owner": "CFO + CRO + Product",
        "effort": "HIGH",
        "impact": "TRANSFORMATIONAL",
        "description": "Test new pricing models with 20 pilot customers: (1) Usage-based (scans/month), (2) Outcome-based (security score improvement), (3) Platform fee (unlimited apps). Measure expansion revenue, adoption friction, NRR impact. Transition from per-app pricing.",
        "expectedOutcomes": [
          "Unlock product-led growth (frictionless expansion)",
          "Reduce expansion friction (growth = celebration not budget discussion)",
          "Improve NRR from ~100% to 125%+ (expansion becomes natural)",
          "Enable land-and-expand motion (start small, grow large)"
        ],
        "metrics": ["Net Revenue Retention", "Gross Revenue Retention", "Expansion revenue %", "CAC payback period", "Customer lifetime value"]
      },
      {
        "action": "Strategic Options Assessment",
        "timeline": "180 days",
        "owner": "CEO + Board + Advisors",
        "effort": "STRATEGIC",
        "impact": "SIGNIFICANT",
        "description": "Evaluate strategic options: (1) Strategic partnership or exit (Veracode/Checkmarx/Synopsys at $100-150M) OR (2) Growth investment for commercialization transformation ($300-500M outcome in 3-5 years). Align on path: optimize for partnership or scale.",
        "expectedOutcomes": [
          "Strategic clarity on partnership vs. growth path",
          "Valuation optimization (improve metrics before market approach)",
          "Investor alignment on timeline and outcome",
          "Either maximize partnership value OR prepare for growth equity"
        ],
        "metrics": ["ARR growth rate", "Revenue per employee", "EBITDA margin", "Customer retention", "Logo quality", "Multiple comparables"]
      }
    ]
  },

  "redFlags": [
    {
      "severity": "MEDIUM",
      "category": "Financial",
      "flag": "Debt financing in 2022 after equity rounds may indicate evolving capital strategy. For 15-year-old company with F500 logos, this presents opportunity to demonstrate capital-efficient growth path.",
      "implication": "Capital efficiency opportunity: demonstrating strong unit economics could unlock growth capital options"
    },
    {
      "severity": "MEDIUM",
      "category": "Commercial",
      "flag": "Support tier requirement ($20K at 5 apps) is documented in buyer forums (Vendr, G2, Reddit) and may be used by competitors in competitive situations",
      "implication": "Pricing structure creates expansion friction and may present competitive vulnerability"
    },
    {
      "severity": "MEDIUM",
      "category": "Financial",
      "flag": "131 employees, $27.5M raised since 2009, estimated $15-25M ARR = capital efficiency metrics below SaaS benchmarks. Revenue per employee ~$115-190K vs. benchmark of $200K+",
      "implication": "Operational efficiency opportunity: improving revenue per employee would strengthen investor appeal"
    },
    {
      "severity": "MEDIUM",
      "category": "Commercial",
      "flag": "No published retention metrics (NRR, GRR, churn) despite SaaS model. Industry best practice suggests publishing these metrics. Healthy SaaS: 95%+ GRR, 120%+ NRR.",
      "implication": "Transparency opportunity: publishing strong metrics builds confidence; addressing weak metrics builds trust"
    },
    {
      "severity": "MEDIUM",
      "category": "Commercial",
      "flag": "Pricing opacity in era of transparency - market trending toward published pricing while NowSecure maintains opacity. Opportunity to differentiate through transparency.",
      "implication": "Opportunity to lead market shift toward buyer-centric transparency, potentially reducing pipeline friction"
    }
  ],

  "strengths": [
    {
      "category": "Technical Moat",
      "strength": "Only mobile-first security platform with 15-year pedigree - legitimate technical differentiation vs. web-first bolt-ons (Veracode, Checkmarx)",
      "defensibility": "HIGH",
      "monetization": "OPPORTUNITY TO EXPAND"
    },
    {
      "category": "Regulatory Moat",
      "strength": "Government certification stack (NIAP, NIST, FISMA, DOD deployments) is significant barrier to entry - competitors would need years of investment to replicate",
      "defensibility": "VERY HIGH",
      "monetization": "OPPORTUNITY TO EXPAND"
    },
    {
      "category": "Brand Equity",
      "strength": "Customer logos (DOJ, DOD, DOS, Capital One, Citigroup, Shell) are premium-grade - if properly activated, these open enterprise doors across industries",
      "defensibility": "HIGH",
      "monetization": "SIGNIFICANT OPPORTUNITY"
    },
    {
      "category": "Institutional Knowledge",
      "strength": "10,000+ pentests = institutional knowledge moat. No competitor has this depth of mobile-specific threat intelligence and remediation patterns",
      "defensibility": "HIGH",
      "monetization": "MODERATE"
    },
    {
      "category": "Standards Authority",
      "strength": "OWASP MASVS co-development = category authority. Helped WRITE the standards others follow. This represents significant thought leadership asset.",
      "defensibility": "VERY HIGH",
      "monetization": "OPPORTUNITY TO EXPAND"
    }
  ],

  "valuationImplications": {
    "currentTrajectory": {
      "scenario": "Strategic Partnership",
      "estimatedValue": "$100-150M",
      "multiple": "4-6x ARR (assuming $20-25M ARR)",
      "rationale": "Current ARR of $15-25M with opportunity for commercial optimization. Valuable technical IP and customer logos. Strategic buyer (Veracode, Checkmarx, Synopsys) would acquire for mobile capability + government certification moat.",
      "probability": "MEDIUM-HIGH (60%)",
      "timeline": "12-24 months"
    },
    "withIntervention": {
      "scenario": "Growth-Backed Commercial Transformation",
      "estimatedValue": "$300-500M",
      "multiple": "8-12x ARR (assuming $40-50M ARR in 3 years)",
      "rationale": "Optimize commercial model, demonstrate 40%+ NRR, achieve capital-efficient growth to $40-50M ARR. Growth investor provides operational support + commercial discipline. Exit via strategic sale or IPO in 3-5 years.",
      "probability": "MEDIUM (30%)",
      "timeline": "36-60 months"
    },
    "keyDrivers": [
      "Net Revenue Retention (target: 120%+ vs. current undisclosed)",
      "ARR Growth Rate (target: 40%+ YoY vs. current estimated 20-30%)",
      "Revenue per Employee (target: $250K+ vs. current $115-190K)",
      "EBITDA Margin (target: 20%+ vs. current estimated low single digits)",
      "Customer Concentration (diversify beyond gov/enterprise to mid-market)"
    ]
  },

  "conclusion": {
    "summary": "NowSecure has built exceptional technology with strong technical differentiation. The moat is real, the customer logos are impressive. The commercial model presents significant optimization opportunity - pricing structure, value articulation, and go-to-market could be strengthened. This is a strong asset with substantial upside potential.",
    "opportunity": "Optimizing the commercial model could unlock $15-20M ARR. Consider bringing in commercial leadership to implement pricing discipline, transparent packaging, and scalable sales process. The product works, the market needs it, the customers value it - revenue optimization represents significant opportunity.",
    "urgency": "MODERATE - Capital markets are competitive. Demonstrating strong metrics opens growth capital options. Either strengthen metrics and pursue growth round OR prepare for strategic partnership. Forward momentum is important.",
    "recommendation": "Immediate actions: (1) Publish transparent pricing (30 days), (2) Commission ROI study (45 days), (3) Own MARM category (60 days). Strategic decision: (90 days) Choose upmarket platform positioning OR prepare for strategic partnership. Clear positioning enables focused execution."
  },

  "metadata": {
    "analysisDate": "2026-01-15",
    "dataQuality": "HIGH",
    "confidenceLevel": "85%",
    "sourcesUsed": [
      "Public website analysis",
      "G2 reviews (27 reviews, 4.6/5)",
      "Vendr pricing intelligence",
      "Competitor analysis (Veracode, Checkmarx, Appknox, Data Theorem)",
      "Funding data (Crunchbase, company announcements)",
      "Customer testimonials and case studies",
      "Industry analyst reports (Gartner, Forrester, TAG Cyber)",
      "Government contractor databases (Carahsoft)"
    ],
    "limitations": [
      "No internal financial data (ARR, retention, margin assumptions based on comparable SaaS metrics)",
      "No access to customer contracts or pricing data (estimates from Vendr and buyer forums)",
      "No win/loss analysis data (competitive insights from public reviews only)",
      "No employee interviews (company culture and execution capability assumptions)"
    ]
  }
}
